text,date,true_topic
record breaking performance stuns the stadium,2026-08-02,sports
voters lined up early outside polling stations,2026-08-02,election
candidates clashed over policy again,2026-07-23,election
the championship final goes into overtime,2026-08-17,sports
gadget review praises sleek new design,2026-07-01,tech
the campaign debate was intense last night,2026-08-09,election
fans celebrate massive league victory,2026-07-20,sports
ai startup raises huge funding round,2026-07-11,tech
voters lined up early outside polling stations,2026-07-31,election
meteorologists warn of severe weather ahead,2026-07-29,weather
award winning director reveals new project,2026-08-02,movies
star player scores winning goal in final minute,2026-07-13,sports
election results are shocking this year,2026-08-16,election
election results are shocking this year,2026-08-04,election
fans celebrate massive league victory,2026-07-27,sports
ai startup raises huge funding round,2026-08-22,tech
sunny skies return after days of rain,2026-08-02,weather
drought conditions worsen in farming regions,2026-07-23,weather
meteorologists warn of severe weather ahead,2026-07-16,weather
ai startup raises huge funding round,2026-08-11,tech
sunny skies return after days of rain,2026-07-18,weather
software update improves battery life,2026-07-21,tech
software update improves battery life,2026-07-21,tech
software update improves battery life,2026-07-14,tech
trailer release sparks excitement online,2026-07-27,movies
underdog team stuns reigning champions,2026-08-12,sports
box office numbers surprise industry analysts,2026-07-20,movies
streaming platform adds highly anticipated film,2026-08-22,movies
cloud outage disrupts services worldwide,2026-07-08,tech
drought conditions worsen in farming regions,2026-08-18,weather
injury update shakes up the tournament bracket,2026-07-09,sports
election results are shocking this year,2026-08-09,election
the championship final goes into overtime,2026-07-05,sports
vote turnout hit record highs today,2026-07-26,election
vote turnout hit record highs today,2026-08-14,election
ai startup raises huge funding round,2026-08-19,tech
ballot counting continues into the night,2026-07-27,election
coach praises team after dramatic win,2026-08-20,sports
actor wins praise for emotional performance,2026-08-08,movies
drought conditions worsen in farming regions,2026-07-25,weather
hurricane season brings new concerns this year,2026-08-13,weather
new policy proposals revealed in debate,2026-07-12,election
candidates clashed over policy again,2026-08-16,election
sunny skies return after days of rain,2026-08-01,weather
ballot counting continues into the night,2026-07-14,election
fans celebrate massive league victory,2026-07-02,sports
new smartphone launch breaks sales records,2026-07-28,tech
sunny skies return after days of rain,2026-08-08,weather
new smartphone launch breaks sales records,2026-07-01,tech
incredible match last night what a game,2026-08-06,sports
fans celebrate massive league victory,2026-08-14,sports
flood warnings issued for coastal towns,2026-08-07,weather
streaming platform adds highly anticipated film,2026-08-15,movies
snowstorm disrupts travel across the country,2026-08-10,weather
coach praises team after dramatic win,2026-08-13,sports
sunny skies return after days of rain,2026-07-23,weather
the championship final goes into overtime,2026-08-01,sports
tech company unveils next generation chip,2026-08-06,tech
developers excited about new programming framework,2026-08-02,tech
underdog team stuns reigning champions,2026-07-28,sports
startup founders announce ai powered app,2026-08-11,tech
underdog team stuns reigning champions,2026-07-19,sports
software update improves battery life,2026-07-26,tech
the championship final goes into overtime,2026-08-12,sports
critics give glowing reviews to new release,2026-08-20,movies
election officials confirm final results,2026-08-08,election
flood warnings issued for coastal towns,2026-08-01,weather
streaming platform adds highly anticipated film,2026-07-02,movies
ai startup raises huge funding round,2026-07-18,tech
developers excited about new programming framework,2026-07-15,tech
incredible match last night what a game,2026-08-13,sports
trailer release sparks excitement online,2026-07-20,movies
vote turnout hit record highs today,2026-08-19,election
blockbuster movie breaks opening weekend records,2026-08-22,movies
ballot counting continues into the night,2026-07-21,election
blockbuster movie breaks opening weekend records,2026-07-13,movies
record breaking performance stuns the stadium,2026-08-02,sports
streaming platform adds highly anticipated film,2026-08-14,movies
the championship final goes into overtime,2026-08-20,sports
blockbuster movie breaks opening weekend records,2026-08-17,movies
the championship final goes into overtime,2026-08-05,sports
heatwave breaks temperature records this week,2026-08-12,weather
heavy storm expected across the region tonight,2026-08-19,weather
voters lined up early outside polling stations,2026-08-24,election
the campaign debate was intense last night,2026-08-04,election
record breaking performance stuns the stadium,2026-07-10,sports
election officials confirm final results,2026-08-11,election
the campaign debate was intense last night,2026-07-26,election
ballot counting continues into the night,2026-08-11,election
meteorologists warn of severe weather ahead,2026-07-23,weather
vote turnout hit record highs today,2026-07-19,election
heavy storm expected across the region tonight,2026-08-03,weather
new policy proposals revealed in debate,2026-07-25,election
critics give glowing reviews to new release,2026-07-12,movies
injury update shakes up the tournament bracket,2026-08-22,sports
critics give glowing reviews to new release,2026-08-05,movies
tech company unveils next generation chip,2026-08-17,tech
cloud outage disrupts services worldwide,2026-07-25,tech
actor wins praise for emotional performance,2026-07-12,movies
new smartphone launch breaks sales records,2026-08-03,tech
the championship final goes into overtime,2026-07-06,sports
streaming platform adds highly anticipated film,2026-08-19,movies
the championship final goes into overtime,2026-07-15,sports
award winning director reveals new project,2026-08-22,movies
incredible match last night what a game,2026-07-23,sports
underdog team stuns reigning champions,2026-08-25,sports
injury update shakes up the tournament bracket,2026-08-06,sports
blockbuster movie breaks opening weekend records,2026-07-05,movies
candidates clashed over policy again,2026-08-06,election
candidates clashed over policy again,2026-07-30,election
vote turnout hit record highs today,2026-07-01,election
injury update shakes up the tournament bracket,2026-07-02,sports
box office numbers surprise industry analysts,2026-07-27,movies
box office numbers surprise industry analysts,2026-07-14,movies
new policy proposals revealed in debate,2026-07-29,election
vote turnout hit record highs today,2026-07-30,election
snowstorm disrupts travel across the country,2026-07-02,weather
trailer release sparks excitement online,2026-07-06,movies
fans celebrate massive league victory,2026-08-20,sports
incredible match last night what a game,2026-07-14,sports
incredible match last night what a game,2026-08-05,sports
hurricane season brings new concerns this year,2026-08-06,weather
drought conditions worsen in farming regions,2026-08-09,weather
critics give glowing reviews to new release,2026-08-18,movies
startup founders announce ai powered app,2026-08-13,tech
candidates clashed over policy again,2026-08-12,election
record breaking performance stuns the stadium,2026-08-20,sports
underdog team stuns reigning champions,2026-08-11,sports
coach praises team after dramatic win,2026-08-02,sports
developers excited about new programming framework,2026-07-22,tech
trailer release sparks excitement online,2026-08-06,movies
heatwave breaks temperature records this week,2026-07-10,weather
vote turnout hit record highs today,2026-07-18,election
ai startup raises huge funding round,2026-08-03,tech
fans celebrate massive league victory,2026-08-25,sports
sequel announcement thrills longtime fans,2026-08-04,movies
snowstorm disrupts travel across the country,2026-08-20,weather
sunny skies return after days of rain,2026-08-04,weather
actor wins praise for emotional performance,2026-07-17,movies
